GROUP,PACKAGE,CLASS,INSTRUCTION_MISSED,INSTRUCTION_COVERED,BRANCH_MISSED,BRANCH_COVERED,LINE_MISSED,LINE_COVERED,COMPLEXITY_MISSED,COMPLEXITY_COVERED,METHOD_MISSED,METHOD_COVERED
arthurims,com.qa.ims.controller,ItemController,2,105,0,2,1,29,1,7,1,6
arthurims,com.qa.ims.controller,Action,116,0,2,0,18,0,6,0,5,0
arthurims,com.qa.ims.controller,CustomerController,2,119,0,2,1,33,1,7,1,6
arthurims,com.qa.ims.controller,OrderController,2,147,0,2,1,41,1,7,1,6
arthurims,com.qa.ims,Ims,204,35,17,2,51,9,16,4,4,3
arthurims,com.qa.ims,Runner,14,0,0,0,5,0,3,0,3,0
arthurims,com.qa.ims.persistence.dao,ItemDaoMysql,78,224,0,2,28,42,1,10,1,9
arthurims,com.qa.ims.persistence.dao,OrderDaoMysql,78,273,0,2,28,49,1,10,1,9
arthurims,com.qa.ims.persistence.dao,CustomerDaoMysql,78,243,0,2,28,45,1,10,1,9
arthurims,com.qa.ims.services,ItemServices,0,27,0,0,0,8,0,5,0,5
arthurims,com.qa.ims.services,OrderServices,0,27,0,0,0,8,0,5,0,5
arthurims,com.qa.ims.services,CustomerServices,0,27,0,0,0,8,0,5,0,5
arthurims,com.qa.ims.utils,Utils,9,0,0,0,2,0,2,0,2,0
arthurims,com.qa.ims.persistence.domain,Order,21,283,12,36,9,69,9,32,0,17
arthurims,com.qa.ims.persistence.domain,Domain,33,72,2,0,9,10,3,3,2,3
arthurims,com.qa.ims.persistence.domain,Item,0,161,0,24,0,45,0,23,0,11
arthurims,com.qa.ims.persistence.domain,Customer,7,196,4,28,3,53,3,26,0,13
